model,mae,rmse,mape
LightGBM Q50,14.006529999757594,97.05678891848777,40.58862831434101
